<?xml version="1.0" encoding="utf-8"?>
<doctrine-mapping xmlns="http://doctrine-project.org/schemas/orm/doctrine-mapping" xmlns:xsi="http://www.w3.org/2001/XMLSchema-instance" xsi:schemaLocation="http://doctrine-project.org/schemas/orm/doctrine-mapping http://doctrine-project.org/schemas/orm/doctrine-mapping.xsd">
  <entity name="AppBundle\Entity\Estado" table="estado">
    <unique-constraints>
      <unique-constraint name="tIbge" columns="tIbge"/>
    </unique-constraints>
    <id name="id" type="integer" column="id">
      <generator strategy="IDENTITY"/>
    </id>
    <field name="tnome" type="string" column="tNome" length="100" nullable="false">
      <options>
        <option name="fixed"/>
      </options>
    </field>
    <field name="tsigla" type="string" column="tSigla" length="3" nullable="false">
      <options>
        <option name="fixed"/>
      </options>
    </field>
    <field name="tibge" type="string" column="tIbge" length="2" nullable="false">
      <options>
        <option name="fixed"/>
      </options>
    </field>
    <field name="idpais" type="integer" column="idPais" nullable="false">
      <options>
        <option name="unsigned"/>
      </options>
    </field>
  </entity>
</doctrine-mapping>
