<?xml version="1.0" encoding="utf-8"?>
<doctrine-mapping xmlns="http://doctrine-project.org/schemas/orm/doctrine-mapping" xmlns:xsi="http://www.w3.org/2001/XMLSchema-instance" xsi:schemaLocation="http://doctrine-project.org/schemas/orm/doctrine-mapping http://doctrine-project.org/schemas/orm/doctrine-mapping.xsd">
  <entity name="AppBundle\Entity\Clientepf" table="clientePf">
    <id name="id" type="integer" column="id">
      <generator strategy="IDENTITY"/>
    </id>
    <field name="tnome" type="string" column="tNome" length="150" nullable="false">
      <options>
        <option name="fixed"/>
      </options>
    </field>
    <field name="idsexo" type="integer" column="idSexo" nullable="false">
      <options>
        <option name="unsigned"/>
      </options>
    </field>
    <field name="idestadocivil" type="integer" column="idEstadoCivil" nullable="false">
      <options>
        <option name="unsigned"/>
      </options>
    </field>
    <field name="trg" type="string" column="tRg" length="9" nullable="false">
      <options>
        <option name="fixed"/>
      </options>
    </field>
    <field name="tcpf" type="string" column="tCpf" length="15" nullable="false">
      <options>
        <option name="fixed"/>
      </options>
    </field>
    <field name="dnascimento" type="date" column="dNascimento" nullable="false"/>
    <field name="tnacionalidade" type="string" column="tNacionalidade" length="100" nullable="false">
      <options>
        <option name="fixed"/>
      </options>
    </field>
    <field name="tnaturalidade" type="string" column="tNaturalidade" length="100" nullable="false">
      <options>
        <option name="fixed"/>
      </options>
    </field>
    <field name="dcadastro" type="datetime" column="dCadastro" nullable="false">
      <options>
        <option name="default">CURRENT_TIMESTAMP</option>
      </options>
    </field>
  </entity>
</doctrine-mapping>
